<?xml version="1.0" encoding="utf-8" ?>
<!--
-
- phpMyAdmin XML Dump
- version 2.10.3
- http://www.phpmyadmin.net
-
- Host: localhost
- Generation Time: May 24, 2014 at 01:28 PM
- Server version: 5.0.51
- PHP Version: 5.2.6
-->

<!--
- Database: 'dentalclinic'
-->
<dentalclinic>
  <!-- Table calendar -->
    <calendar>
        <date>2014-03-13</date>
        <treatment>hahahaha</treatment>
    </calendar>
    <calendar>
        <date>2014-03-16</date>
        <treatment>Gloyjai</treatment>
    </calendar>
    <calendar>
        <date>2014-03-20</date>
        <treatment>Hello!!!!!!!!</treatment>
    </calendar>
    <calendar>
        <date>2014-03-21</date>
        <treatment>Godzilla</treatment>
    </calendar>
  <!-- Table ci_sessions -->
    <ci_sessions>
        <session_id>4b691c2a52e124c44e6c2d3506b5d30f</session_id>
        <ip_address>127.0.0.1</ip_address>
        <user_agent>Mozilla/5.0 (Windows NT 6.1; WOW64) AppleWebKit/537.36 (KHTML, like Gecko) Chrome/34.0.1847.137 Safari/537.36</user_agent>
        <last_activity>1400817995</last_activity>
        <user_data>a:2:{s:9:&quot;user_data&quot;;s:0:&quot;&quot;;s:10:&quot;patient_id&quot;;s:4:&quot;test&quot;;}</user_data>
    </ci_sessions>
    <ci_sessions>
        <session_id>00b96bb86fed46c88efd2449ad462389</session_id>
        <ip_address>127.0.0.1</ip_address>
        <user_agent>Mozilla/5.0 (Windows NT 6.1; WOW64) AppleWebKit/537.36 (KHTML, like Gecko) Chrome/35.0.1916.114 Safari/537.36</user_agent>
        <last_activity>1400825893</last_activity>
        <user_data>a:1:{s:7:&quot;user_id&quot;;s:5:&quot;admin&quot;;}</user_data>
    </ci_sessions>
    <ci_sessions>
        <session_id>c131d4e287baa025c680f695d523da77</session_id>
        <ip_address>127.0.0.1</ip_address>
        <user_agent>Mozilla/5.0 (Windows NT 6.1; WOW64) AppleWebKit/537.36 (KHTML, like Gecko) Chrome/35.0.1916.114 Safari/537.36</user_agent>
        <last_activity>1400907318</last_activity>
        <user_data>a:2:{s:9:&quot;user_data&quot;;s:0:&quot;&quot;;s:7:&quot;user_id&quot;;s:5:&quot;admin&quot;;}</user_data>
    </ci_sessions>
  <!-- Table clinic_user -->
    <clinic_user>
        <userID>test</userID>
        <role>test</role>
        <password>1234</password>
        <f_name>xxxx</f_name>
        <l_name>xxxx</l_name>
        <address>xxxx</address>
        <email>xxxx@xxx.com</email>
        <telNum>0000000000</telNum>
    </clinic_user>
    <clinic_user>
        <userID>admin</userID>
        <role>admin</role>
        <password>1234</password>
        <f_name>xxxx</f_name>
        <l_name>xxxx</l_name>
        <address>xxxx</address>
        <email>xxxx@xxx.com</email>
        <telNum>0000000000</telNum>
    </clinic_user>
    <clinic_user>
        <userID>denti</userID>
        <role>dentist</role>
        <password>1234</password>
        <f_name>xxxx</f_name>
        <l_name>xxxx</l_name>
        <address>xxxx</address>
        <email>xxxx@xxx.com</email>
        <telNum>0000000000</telNum>
    </clinic_user>
  <!-- Table patient -->
    <patient>
        <patientID>test</patientID>
        <password>1234</password>
        <Firstname>xxxx</Firstname>
        <Surname>xxxx</Surname>
        <Age>21</Age>
        <Gender>2</Gender>
        <Treatment>xxxx</Treatment>
        <Address>xxxx</Address>
        <Tel>0000000000</Tel>
        <Email>xxxx@xxx.com</Email>
    </patient>
  <!-- Table patient_appointement -->
    <patient_appointement>
        <ID>1</ID>
        <patientID>P1234567</patientID>
        <firstname>Baitarn</firstname>
        <surname>Baitarn</surname>
        <treatment>Tooth fairy</treatment>
        <date>2014-04-09</date>
        <time>00:00:13</time>
        <dentist>Miss Bell</dentist>
    </patient_appointement>
</dentalclinic>
